﻿<?xml version="1.0" encoding="utf-8"?>
<!DOCTYPE extension SYSTEM "ext-1.0.dtd">

<extension engine="1.0">
	<id>om_quote_link</id>
	<title>Quote link</title>
	<version>0.0.2</version>
	<description>Adds the link to the source posts in the quote tag.</description>
	<author>om</author>

	<minversion>1.4RC1</minversion>
	<maxtestedon>1.4.2</maxtestedon>

	<hooks>
		<hook id="po_modify_quote_info, om_multiquote_modify_quote_info"><![CDATA[
			// add post numer to bbcode tag
			if ($forum_config['p_message_bbcode'] == '1') {
				$quote_info['poster'] .= '  ' . $qid;
			}
		]]></hook>

		<hook id="ps_do_bbcode_start"><![CDATA[
			// replace quote tag with qid

			global $forum_url;
			if (strpos($text, '[quote') !== false)
			{
				$text = preg_replace_callback(
					'#\[quote=(&\#039;|&quot;|"|\'|)([^\[\]\r\n]*?)[ ]{2,}(\d+)\\1\]#',
					create_function ('$matches', 'global $forum_url, $lang_common; return "</p><div class=\"quotebox\"><cite><a href=\"".forum_link($forum_url[\'post\'], $matches[3])."\">".str_replace(array(\'[\', \'\\"\'), array(\'&#91;\', \'"\'), $matches[2])." ".$lang_common[\'wrote\']."</a>:</cite><blockquote><p>";'),
					$text
				);
				$text = preg_replace_callback(
					'#\[quote=(&\#039;|&quot;|"|\'|)(.*?)\\1\]#',
					create_function ('$matches', 'global $lang_common; return "</p><div class=\"quotebox\"><cite>".str_replace(array(\'[\', \'\"\'), array(\'&#91;\', \'"\'), $matches[2])." ".$lang_common[\'wrote\'].":</cite><blockquote><p>";'),
					$text
				);
				$text = preg_replace('#\[quote\]\s*#', '</p><div class="quotebox"><blockquote><p>', $text);
				$text = preg_replace('#\s*\[\/quote\]#S', '</p></blockquote></div><p>', $text);
			}
		]]></hook>
	</hooks>
</extension>
